Workbook

Sheet Leeme
A1: Practica Profesional II - Datos y entregables
A2: Universidad Manuela Beltran | Proyecto Copiloto Ambiental (Conesa + QGIS)
A4: Generado | B4: 4 de septiembre de 2026
A5: Alcance | B5: Plantilla de registros biologicos en Darwin Core, y analisis de la carpeta '1. Productos entregados'.
A7: Hoja | B7: Que contiene | C7: De donde salen los datos
A8: Plantilla DwC | B8: Plantilla para registrar ocurrencias biologicas. Se llena a partir de la fila 6. | C8: Estructura de DarwinCore.xlsx, con los terminos corregidos al estandar vigente.
A9: Mapeo DwC | B9: Cada columna de la plantilla con su termino Darwin Core y su estado actual. | C9: Guia SiB Colombia v3.0 (2018), verificada contra rs.tdwg.org/dwc/doc/list/2026-05-26
A10: Cambios DwC | B10: Diferencias entre la guia de 2018 y el estandar de 2026. | C10: Comparacion del PDF de SiB contra el listado normativo de TDWG.
A11: Resumen entregables | B11: Cifras de la carpeta de productos entregados. | C11: Recorrido de la carpeta; las cifras son formulas sobre la hoja Inventario.
A12: Inventario | B12: Un archivo por fila, con carpeta, extension y peso. | C12: 1. Productos entregados (recorrido completo).
A13: Diccionarios | B13: Los 17 diccionarios de datos, con sus capas y campos. | C13: DATOS/DICCIONARIO DE DATOS/**/*.xlsx
A14: Capas documentadas | B14: Cada capa descrita en los diccionarios. | C14: Hoja 'CAPAS GEOGRAFICAS' de cada diccionario.
A15: Capas en la GDB | B15: Las capas que existen de verdad, y si tienen diccionario. | C15: Lectura directa de las dos Geodatabases con pyogrio.
A17: COMO USAR LA PLANTILLA
A18: - | B18: Las celdas en amarillo son las que debes llenar. Todo lo demas es referencia.
A19: - | B19: La fila 4 lleva la etiqueta en espanol; la fila 5, el termino Darwin Core.
A20: - | B20: Al publicar en GBIF o SiB Colombia, la cabecera que vale es la fila 5.
A21: - | B21: La fila 6 es un ejemplo con el formato esperado. Borrala antes de entregar.
A22: - | B22: Las coordenadas van en grados decimales, nunca en grados/minutos/segundos.
A24: HALLAZGO PRINCIPAL
A25: ! | B25: Los diccionarios de datos entregados NO corresponden a las Geodatabases entregadas. Ver la hoja 'Capas en la GDB'.

Sheet Plantilla DwC
A1: Plantilla de registros biologicos (Darwin Core)
A2: Llena a partir de la fila 6. Fila 4 = etiqueta en espanol | Fila 5 = termino Darwin Core.
A4: Nombre de la entidad | B4: NIT | C4: Numero del permiso de recoleccion | D4: Tipo del registro | E4: Tipo de la muestra | F4: ID del registro biologico | G4: Nombre del colector | H4: Fecha del evento | I4: Pais | J4: Departamento | K4: Municipio | L4: Localidad | M4: Latitud decimal | N4: Longitud decimal | O4: Datum geodesico | P4: Elevacion minima en metros | Q4: Nombre cientifico | R4: Categoria del taxon
A5: institutionCode | B5: (sin termino DwC) | C5: (sin termino DwC) | D5: basisOfRecord | E5: preparations | F5: occurrenceID | G5: recordedBy | H5: eventDate | I5: country | J5: stateProvince | K5: county | L5: locality | M5: decimalLatitude | N5: decimalLongitude | O5: geodeticDatum | P5: minimumElevationInMeters | Q5: scientificName | R5: taxonRank
A6: Corporacion Manantiales | B6: 900123456-7 | C6: RES-2026-0123 | D6: HumanObservation | E6: Observacion en campo | F6: CM-LEP-2026-001 | G6: Juan Baldion | H6: 2026-08-15 | I6: Colombia | J6: Antioquia | K6: San Carlos | L6: Vereda El Jordan, sendero al mirador | M6: 6.1872 | N6: -74.9922 | O6: WGS84 | P6: 1000 | Q6: Morpho helenor (Cramer, 1775) | R6: species

Sheet Mapeo DwC
A1: Correspondencia con Darwin Core
A2: Estado verificado contra el listado normativo de TDWG del 2026-05-26.
A4: # | B4: Columna de la plantilla | C4: Termino Darwin Core | D4: Estado en 2026 | E4: Nota
A5: 1 | B5: Nombre de la entidad | C5: institutionCode | D5: Vigente (dwc:) | E5: Codigo o nombre de la institucion que custodia el registro.
A6: 2 | B6: NIT | C6: - | D6: Sin termino Darwin Core | E6: Campo administrativo colombiano. La guia de SiB lo menciona solo como practica recomendada para documentar la institucion.
A7: 3 | B7: Numero del permiso de recoleccion | C7: - | D7: Sin termino Darwin Core | E7: Campo del tramite ambiental colombiano. No existe en el vocabulario.
A8: 4 | B8: Tipo del registro | C8: basisOfRecord | D8: Vigente (dwc:) | E8: Naturaleza del registro: PreservedSpecimen, HumanObservation, etc.
A9: 5 | B9: Tipo de la muestra | C9: preparations | D9: Vigente (dwc:) | E9: Metodo de preparacion o conservacion de la muestra.
A10: 6 | B10: ID del registro biologico | C10: occurrenceID | D10: Vigente (dwc:) | E10: Identificador unico y persistente del registro.
A11: 7 | B11: Nombre del colector | C11: recordedBy | D11: Vigente (dwc:) | E11: Persona que realizo la recoleccion u observacion.
A12: 8 | B12: Fecha del evento | C12: eventDate | D12: Vigente (dwc:) | E12: Fecha del registro en formato ISO 8601 (AAAA-MM-DD).
A13: 9 | B13: Pais | C13: country | D13: Vigente (dwc:) | E13: Nombre del pais sin abreviar.
A14: 10 | B14: Departamento | C14: stateProvince | D14: Vigente (dwc:) | E14: Primera division administrativa. En Colombia, el departamento.
A15: 11 | B15: Municipio | C15: county | D15: Vigente (dwc:) | E15: ATENCION: la guia de SiB mapea el municipio colombiano a 'county'. 'municipality' queda reservado para la cabecera municipal.
A16: 12 | B16: Localidad | C16: locality | D16: Vigente (dwc:) | E16: Descripcion textual del sitio especifico.
... A22: 18 | B22: Categoria del taxon | C22: taxonRank | D22: Vigente (dwc:) | E22: Rango del nombre cientifico: species, genus, family...
B24: Columnas con termino Darwin Core | C24: =COUNTIF(D5:D22,"Vigente*") -> 16
B25: Columnas sin equivalente en el vocabulario | C25: =COUNTIF(D5:D22,"Sin termino*") -> 2

Sheet Cambios DwC
A1: Guia SiB Colombia 2018 frente al estandar 2026
A2: PDF 'Elementos DwC: una guia de referencia rapida', v3.0 junio 2018.
A4: Tipo de diferencia | B4: En la guia 2018 | C4: En el estandar 2026 | D4: Explicacion
A5: Termino sustituido | B5: individualID | C5: organismID | D5: La guia 2018 lo documenta como 'ID del Individuo'. El estandar actual lo declara reemplazado ('Is Replaced By'). 'organismID' no aparece en la guia.
A6: Nombre inexistente hoy | B6: samplingSizeValue | C6: sampleSizeValue | D6: La guia usa 'samplingSize...'. Ese nombre no existe en el estandar; probablemente sea una errata de la traduccion.
A7: Nombre inexistente hoy | B7: samplingSizeUnit | C7: sampleSizeUnit | D7: Mismo caso que el anterior.
A8: Nombre inexistente hoy | B8: georeferenceDate | C8: georeferencedDate | D8: El estandar lo escribe con 'd': georeferencedDate.
A9: Otro espacio de nombres | B9: accessRights | C9: dcterms:accessRights | D9: Pertenece a Dublin Core, no a Darwin Core. Sigue siendo valido, pero la guia no menciona el prefijo dcterms.
A10: Otro espacio de nombres | B10: rightsHolder | C10: dcterms:rightsHolder | D10: Igual que el anterior: es Dublin Core.
A11: Otro espacio de nombres | B11: bibliographicCitation | C11: dcterms:bibliographicCitation | D11: Igual que el anterior: es Dublin Core.
A13: Contexto
A14: - | B14: El estandar sumo 161 terminos que no estan en la guia de 2018, casi todos de clases nuevas: MaterialEntity, Organism, Event, MolecularProtocol, NucleotideSequence, OrganismInteraction.
A15: - | B15: En total hay 61 terminos sustituidos en el vocabulario. La guia documenta uno.
A16: - | B16: Ninguno de los terminos que usa el sistema del proyecto esta sustituido: se verificaron los 24 nombres de columna que autodetecta core/catalogo.py.

Sheet Resumen entregables
A1: Resumen de la carpeta de entregables
A2: Todas las cifras son formulas sobre la hoja 'Inventario'.
A4: Archivos totales | B4: =COUNTA(Inventario!B5:B582) -> 578
A5: Peso total (MB) | B5: =SUM(Inventario!D5:D582)/1048576 -> 2205.4702
A7: Carpeta de primer nivel | B7: Archivos | C7: Peso (MB) | D7: Que es
A8: DATOS | B8: =COUNTIF(Inventario!A5:A582,A8) -> 559 | C8: =SUMIF(Inventario!A5:A582,A8,Inventario!D5:D582)/1048576 -> 938.70115 | D8: Geodatabases del POMCA y los 17 diccionarios de datos. Es el insumo real del proyecto.
A9: QGIS 3.34.8 | B9: =COUNTIF(Inventario!A5:A582,A9) -> 8 | C9: =SUMIF(Inventario!A5:A582,A9,Inventario!D5:D582)/1048576 -> 1265.5167 | D9: Instalador de QGIS y accesos directos. Es software, no un producto de la practica: pesa mas que todos los datos juntos.
A10: (raiz) | B10: =COUNTIF(Inventario!A5:A582,A10) -> 11 | C10: =SUMIF(Inventario!A5:A582,A10,Inventario!D5:D582)/1048576 -> 1.2522678 | D10: Scripts de Python, el documento de la practica y las notas de avance.
A12: Extension | B12: Archivos | C12: Peso (MB) | D12: Que son
A13: .gdbtable | B13: =COUNTIF(Inventario!C5:C582,A13) -> 96 | C13: =SUMIF(Inventario!C5:C582,A13,Inventario!D5:D582)/1048576 -> 387.14697 | D13: Tablas internas de las Geodatabases de ESRI.
A14: .xlsx | B14: =COUNTIF(Inventario!C5:C582,A14) -> 17 | C14: =SUMIF(Inventario!C5:C582,A14,Inventario!D5:D582)/1048576 -> 54.957256 | D14: Los 17 diccionarios de datos.
A15: .msi | B15: =COUNTIF(Inventario!C5:C582,A15) -> 1 | C15: =SUMIF(Inventario!C5:C582,A15,Inventario!D5:D582)/1048576 -> 1263.9453 | D15: Instalador de QGIS.
A16: .py | B16: =COUNTIF(Inventario!C5:C582,A16) -> 5 | C16: =SUMIF(Inventario!C5:C582,A16,Inventario!D5:D582)/1048576 -> 0.020412445 | D16: Scripts de la practica.
A17: .docx | B17: =COUNTIF(Inventario!C5:C582,A17) -> 1 | C17: =SUMIF(Inventario!C5:C582,A17,Inventario!D5:D582)/1048576 -> 1.1386452 | D17: Documento de la practica.
A18: .md | B18: =COUNTIF(Inventario!C5:C582,A18) -> 3 | C18: =SUMIF(Inventario!C5:C582,A18,Inventario!D5:D582)/1048576 -> 0.01359272 | D18: Notas y reportes de avance.
A19: .rar | B19: =COUNTIF(Inventario!C5:C582,A19) -> 3 | C19: =SUMIF(Inventario!C5:C582,A19,Inventario!D5:D582)/1048576 -> 490.22068 | D19: Copias comprimidas de DATOS.

Sheet Inventario
A1: Inventario de '1. Productos entregados'
A2: Un archivo por fila. Se excluyen los temporales de Excel (~$).
A4: Carpeta | B4: Archivo | C4: Extension | D4: Bytes | E4: Ruta relativa
A5: (raiz) | B5: configurar_mapa_qgis.py | C5: .py | D5: 3428 | E5: configurar_mapa_qgis.py
A6: (raiz) | B6: departamento de antioquia.py | C6: .py | D6: 4200 | E6: departamento de antioquia.py
A7: (raiz) | B7: ejemplo_carga_datos.py | C7: .py | D7: 6353 | E7: ejemplo_carga_datos.py
A8: (raiz) | B8: fuentes_informacion_enlaces.md | C8: .md | D8: 4412 | E8: fuentes_informacion_enlaces.md
A9: (raiz) | B9: impactos.py | C9: .py | D9: 3733 | E9: impactos.py
A10: (raiz) | B10: impactos_corregido.py | C10: .py | D10: 3690 | E10: impactos_corregido.py
A11: (raiz) | B11: PHYTON PARA REDABC.txt | C11: .txt | D11: 3068 | E11: PHYTON PARA REDABC.txt
A12: (raiz) | B12: Phyton RED ABS | C12: (sin extension) | D12: 80417 | E12: Phyton RED ABS
A13: (raiz) | B13: plan_implementacion_agente.md | C13: .md | D13: 6334 | E13: plan_implementacion_agente.md
A14: (raiz) | B14: PRACTICA HASTA DISEÑO - SUBIR (6).docx | C14: .docx | D14: 1193956 | E14: PRACTICA HASTA DISEÑO - SUBIR (6).docx
A15: (raiz) | B15: reporte_ejecucion_impactos.md | C15: .md | D15: 3507 | E15: reporte_ejecucion_impactos.md
A16: DATOS | B16: DICCIONARIO DE DATOS.rar | C16: .rar | D16: 57172659 | E16: DATOS/DICCIONARIO DE DATOS.rar
... A582: QGIS 3.34.8 | B582: SAGA GIS 9.3.1.lnk | C582: .lnk | D582: 1919 | E582: QGIS 3.34.8/Complementos/SAGA GIS 9.3.1.lnk

Sheet Diccionarios
A1: Diccionarios de datos del POMCA
A2: DATOS/DICCIONARIO DE DATOS. Se excluyen los temporales de Excel.
A4: Grupo | B4: Diccionario | C4: Capas descritas | D4: Campos descritos | E4: Hojas del libro
A5: ACOTAMIENTO | B5: DICCIONARIO COMPONENTE ECOSISTÉMICO.xlsx | C5: 5 | D5: 52 | E5: ESTRUCTURA, CAPAS GEOGRÁFICAS, TABLAS, DOMINIOS, Obligación - Condición
A6: ACOTAMIENTO | B6: DICCIONARIO COMPONENTE GEOMORFOLOGÍA.xlsx | C6: 27 | D6: 252 | E6: ESTRUCTURA, CAPAS GEOGRÁFICAS, DOMINIOS, RASTER
A7: ACOTAMIENTO | B7: DICCIONARIO COMPONENTE HIDROLÓGICO.xlsx | C7: 6 | D7: 72 | E7: ESTRUCTURA, CAPAS GEOGRÁFICAS, DOMINIOS
A8: ACOTAMIENTO | B8: DICCIONARIO COMPONENTE SOCIOECONÓMICO.xlsx | C8: 37 | D8: 262 | E8: ESTRUCTURA, CAPAS GEOGRÁFICAS, TABLAS, DOMINIOS
A9: ACOTAMIENTO | B9: DICCIONARIO LÍMITE FÍSICO.xlsx | C9: 4 | D9: 8 | E9: ESTRUCTURA, CAPAS GEOGRÁFICAS
A10: CARTOGRAFÍA BASE | B10: DICCIONARIO DE DATOS CARTOGRAFÍA BASE.xlsx | C10: 0 | D10: 0 | E10: ESTRUCTURA, DICCIONARIO, TABLAS, DOMINIOS
A11: LÍNEA BASE | B11: DICCIONARIO CLIMA.xlsx | C11: 10 | D11: 54 | E11: ESTRUCTURA, CAPAS GEOGRÁFICAS, TABLAS, DOMINIO, Obligación - Condición
A12: LÍNEA BASE | B12: DICCIONARIO COBERTURA.xlsx | C12: 2 | D12: 13 | E12: ESTRUCTURA, CAPAS GEOGRÁFICAS, DOMINIOS, Obligación - Condición
A13: LÍNEA BASE | B13: DICCIONARIO GEOLOGÍA.xlsx | C13: 8 | D13: 62 | E13: ESTRUCTURA, CAPAS GEOGRÁFICAS, DOMINIOS, VARIABLES MORFOMÉTRICAS
A14: LÍNEA BASE | B14: DICCIONARIO GEOMORFOLOGÍA.xlsx | C14: 3 | D14: 28 | E14: ESTRUCTURA, CAPAS GEOGRÁFICAS, DOMINIOS, VARIABLES MORFOMÉTRICAS
A15: LÍNEA BASE | B15: DICCIONARIO SUELOS.xlsx | C15: 4 | D15: 53 | E15: ESTRUCTURA , CAPAS GEOGRÁFICAS, TABLAS, DOMINIOS
A16: ORDENAMIENTO HÍDRICO | B16: DICCIONARIO AGUA.xlsx | C16: 7 | D16: 197 | E16: ESTRUCTURA, CAPAS GEOGRÁFICAS, TABLAS, DOMINIOS, RASTER
... A21: ORDENAMIENTO HÍDRICO | B21: DICCIONARIO SUELOS.xlsx | C21: 4 | D21: 53 | E21: ESTRUCTURA , CAPAS GEOGRÁFICAS, TABLAS, DOMINIOS
B22: TOTAL | C22: =SUM(C5:C21) -> 166 | D22: =SUM(D5:D21) -> 1515
A24: Nota | B24: El diccionario de CARTOGRAFIA BASE aparece con 0 capas: su libro no usa la estructura 'Feature Class / CAMPO' que si siguen los otros 16.

Sheet Capas documentadas
A1: Capas descritas en los diccionarios de datos
A2: Extraidas de la hoja 'CAPAS GEOGRAFICAS' de cada diccionario.
A4: Grupo | B4: Diccionario | C4: Capa | D4: Geometria | E4: Campos
A5: ACOTAMIENTO | B5: DICCIONARIO COMPONENTE ECOSISTÉMICO.xlsx | C5: Componente Ecosistemico | D5: Polígono | E5: 10
A6: ACOTAMIENTO | B6: DICCIONARIO COMPONENTE ECOSISTÉMICO.xlsx | C6: PuntoMuestreoFlora | D6: Punto | E6: 20
A7: ACOTAMIENTO | B7: DICCIONARIO COMPONENTE ECOSISTÉMICO.xlsx | C7: VariableH | D7: Polígono | E7: 8
A8: ACOTAMIENTO | B8: DICCIONARIO COMPONENTE ECOSISTÉMICO.xlsx | C8: VariableN | D8: Polígono | E8: 5
A9: ACOTAMIENTO | B9: DICCIONARIO COMPONENTE ECOSISTÉMICO.xlsx | C9: CoberturaTierra | D9: Polígono | E9: 9
A10: ACOTAMIENTO | B10: DICCIONARIO COMPONENTE GEOMORFOLOGÍA.xlsx | C10: Cauce_Permanente | D10: Polígono | E10: 13
A11: ACOTAMIENTO | B11: DICCIONARIO COMPONENTE GEOMORFOLOGÍA.xlsx | C11: Cauce_Permanente_Preliminar | D11: Polígono | E11: 13
A12: ACOTAMIENTO | B12: DICCIONARIO COMPONENTE GEOMORFOLOGÍA.xlsx | C12: Geoformas_Cauce_Permanente | D12: Polígono | E12: 13
A13: ACOTAMIENTO | B13: DICCIONARIO COMPONENTE GEOMORFOLOGÍA.xlsx | C13: GeoformasAsociadasManantiales | D13: Polígono | E13: 13
A14: ACOTAMIENTO | B14: DICCIONARIO COMPONENTE GEOMORFOLOGÍA.xlsx | C14: Componente_Geomorfologico | D14: Polígono | E14: 13
A15: ACOTAMIENTO | B15: DICCIONARIO COMPONENTE GEOMORFOLOGÍA.xlsx | C15: UnidadGeomorfologicaIGAC | D15: Polígono | E15: 12
A16: ACOTAMIENTO | B16: DICCIONARIO COMPONENTE GEOMORFOLOGÍA.xlsx | C16: UnidadGeomorfologicaSGC | D16: Polígono | E16: 13
... A170: ORDENAMIENTO HÍDRICO | B170: DICCIONARIO SUELOS.xlsx | C170: Clasificacion_Agrologica | D170: Polígono | E170: 11

Sheet Capas en la GDB
A1: Capas reales de las Geodatabases
A2: Lectura directa con pyogrio. La ultima columna cruza contra la hoja 'Capas documentadas'.
A4: Geodatabase | B4: Capa | C4: Geometria | D4: Objetos | E4: Campos | F4: Tiene diccionario
A5: GDB_OFICIAL_IGAC_INTERSECT.gdb | B5: Administrativo_P | C5: Point Z | D5: 265 | E5: 12 | F5: =IF(COUNTIF('Capas documentadas'!$C$5:$C$170,B5)>0,"Si","NO") -> NO
A6: GDB_OFICIAL_IGAC_INTERSECT.gdb | B6: Administrativo_P_Anot | C6: MultiPolygon | D6: 265 | E6: 26 | F6: =IF(COUNTIF('Capas documentadas'!$C$5:$C$170,B6)>0,"Si","NO") -> NO
A7: GDB_OFICIAL_IGAC_INTERSECT.gdb | B7: Banco_Arena | C7: MultiPolygon Z | D7: 16 | E7: 13 | F7: =IF(COUNTIF('Capas documentadas'!$C$5:$C$170,B7)>0,"Si","NO") -> NO
A8: GDB_OFICIAL_IGAC_INTERSECT.gdb | B8: Bosque_Grupo_arboles | C8: MultiPolygon Z | D8: 1193 | E8: 11 | F8: =IF(COUNTIF('Capas documentadas'!$C$5:$C$170,B8)>0,"Si","NO") -> NO
A9: GDB_OFICIAL_IGAC_INTERSECT.gdb | B9: Cerca | C9: MultiLineString Z | D9: 3108 | E9: 12 | F9: =IF(COUNTIF('Capas documentadas'!$C$5:$C$170,B9)>0,"Si","NO") -> NO
A10: GDB_OFICIAL_IGAC_INTERSECT.gdb | B10: Construccion_P | C10: Point Z | D10: 9651 | E10: 13 | F10: =IF(COUNTIF('Capas documentadas'!$C$5:$C$170,B10)>0,"Si","NO") -> NO
A11: GDB_OFICIAL_IGAC_INTERSECT.gdb | B11: Construccion_P_Anot | C11: MultiPolygon | D11: 1748 | E11: 26 | F11: =IF(COUNTIF('Capas documentadas'!$C$5:$C$170,B11)>0,"Si","NO") -> NO
A12: GDB_OFICIAL_IGAC_INTERSECT.gdb | B12: Construccion_R | C12: MultiPolygon Z | D12: 6 | E12: 12 | F12: =IF(COUNTIF('Capas documentadas'!$C$5:$C$170,B12)>0,"Si","NO") -> NO
A13: GDB_OFICIAL_IGAC_INTERSECT.gdb | B13: Curva_Nivel | C13: MultiLineString Z | D13: 1733 | E13: 12 | F13: =IF(COUNTIF('Capas documentadas'!$C$5:$C$170,B13)>0,"Si","NO") -> NO
A14: GDB_OFICIAL_IGAC_INTERSECT.gdb | B14: Curva_Nivel_Anot | C14: MultiPolygon | D14: 1644 | E14: 26 | F14: =IF(COUNTIF('Capas documentadas'!$C$5:$C$170,B14)>0,"Si","NO") -> NO
A15: GDB_OFICIAL_IGAC_INTERSECT.gdb | B15: Drenaje_Doble | C15: MultiPolygon Z | D15: 50 | E15: 14 | F15: =IF(COUNTIF('Capas documentadas'!$C$5:$C$170,B15)>0,"Si","NO") -> NO
A16: GDB_OFICIAL_IGAC_INTERSECT.gdb | B16: Drenaje_Doble_Anot | C16: MultiPolygon | D16: 57 | E16: 26 | F16: =IF(COUNTIF('Capas documentadas'!$C$5:$C$170,B16)>0,"Si","NO") -> NO
... A82: GDB_POMCAS_CARARE_INTERSECT.gdb | B82: ZonasRecarga | C82: MultiPolygon | D82: 134 | E82: 7 | F82: =IF(COUNTIF('Capas documentadas'!$C$5:$C$170,B82)>0,"Si","NO") -> NO
A84: Capas reales en total | B84: =COUNTA(B5:B82) -> 78
A85: Con diccionario | B85: =COUNTIF(F5:F82,"Si") -> 4
A86: Sin diccionario | B86: =COUNTIF(F5:F82,"NO") -> 74
A88: Conclusion | B88: Los diccionarios describen la estructura completa de un POMCA (166 capas), pero las Geodatabases entregadas contienen otras capas distintas. La documentacion entregada no describe los datos entregados.

Sheet Dicc. Estaciones IDEAM
A1: Diccionario de datos - Estaciones hidrometeorologicas (IDEAM)
A2: Estructura oficial del Catalogo Nacional de Estaciones. Usela como especificacion al crear la capa.
A4: # | B4: Campo | C4: Etiqueta | D4: Tipo | E4: Tam. | F4: Oblig. | G4: Descripcion oficial del IDEAM | H4: Nota de implementacion | I4: Ejemplo (estacion BORBUR)
A5: 1 | B5: codigo | C5: Codigo | D5: String | E5: 10 | F5: Si | G5: Corresponde al valor de identificación de la estación dentro del catálogo de estaciones | H5: CLAVE PRIMARIA. Debe guardarse como TEXTO: lleva ceros a la izquierda que un campo numerico destruye. | I5: 0023127010
A6: 2 | B6: nombre | C6: Nombre | D6: String | E6: 100 | F6: Si | G6: Corresponde a la identificación de la estación dentro del catálogo de estaciones, tambien lleva el codigo de la estacion | I6: BORBUR - AUT [23127010]
A7: 3 | B7: categoria | C7: Categoria | D7: String | E7: 40 | F7: Si | G7: Indica la categoría de la estación de medición de acuerdo con su clase | H7: Pluviometrica, Limnigrafica, Climatologica Ordinaria, Sinoptica Principal, Meteorologica Especial... | I7: Limnigráfica
A8: 4 | B8: tecnologia | C8: Tecnologia | D8: String | E8: 60 | F8: Si | G8: Corresponde a los tipos de estaciones de medición: convencional, automática con telemetría, automática sin telemetría | H8: Convencional / Automatica con Telemetria / Automatica sin Telemetria. | I8: Automática con Telemetría, Convencional
A9: 5 | B9: estado | C9: Estado | D9: String | E9: 30 | F9: Si | G9: Indica las condiciones de funcionamiento en las que actualmente se encuentra la estación de medición | H9: Activa, Suspendida, En Mantenimiento, Fuera de Servicio. | I9: En Mantenimiento
A10: 6 | B10: departamento | C10: Departamento | D10: String | E10: 60 | F10: Si | G10: Nombre del departamento donde se ubica la estación | I10: Boyacá
A11: 7 | B11: municipio | C11: Municipio | D11: String | E11: 60 | F11: Si | G11: Nombre del Municipio donde se localiza la estación | I11: Pauna
A12: 8 | B12: ubicaci_n | C12: Ubicación | D12: Point | E12: - | F12: Si | G12: Corresponde a la latitud y longitud en la cual se encuentra la estación. | H12: Geometria de la capa. AVISO: en el conjunto publicado del IDEAM este campo trae latitud y longitud INTERCAMBIADAS. Use los campos latitud y longitud aparte. | I12: POINT (-74.05502778 5.649388889)
A13: 9 | B13: altitud | C13: Altitud | D13: Double | E13: 8 | F13: Si | G13: Indica el valor de la altura sobre el nivel del mar de la estación de medición | H13: Metros sobre el nivel del mar. Numero, sin la cadena 'msnm'. | I13: 457
A14: 10 | B14: longitud | C14: LONGITUD | D14: Double | E14: 8 | F14: Si | G14: Corresponde a la coordenada longitud en grados, minutos, segundos y dirección (O) Deben estar en sistema Magna Sirgas | H14: Grados decimales, negativo al oeste. | I14: -74.05502778
A15: 11 | B15: latitud | C15: LATITUD | D15: Double | E15: 8 | F15: Si | G15: Corresponde a la coordenada latitud en grados, minutos, segundos y dirección (N/S) Deben estar en sistema Magna Sirgas | H15: Grados decimales, positivo al norte. | I15: 5.649388889
A16: 12 | B16: fecha_instalacion | C16: Fecha_instalacion | D16: Date | E16: 8 | F16: No | G16: Corresponde a la fecha de instalación de la estación de monitoreo | H16: En el origen viene como texto DD/MM/AAAA. | I16: 15/03/1975
A17: 13 | B17: fecha_suspension | C17: Fecha_suspension | D17: Date | E17: 8 | F17: No | G17: Fecha en la cual la estación fue suspendida | H17: Vacio si la estacion sigue activa. | I17: (vacio)
A18: 14 | B18: area_operativa | C18: Area Operativa | D18: String | E18: 60 | F18: No | G18: Área operativa | I18: Area Operativa 06 - Boyacá-Casanare-Vichada
A19: 15 | B19: corriente | C19: Corriente | D19: String | E19: 60 | F19: No | G19: Corriente sobre la cual está ubicada la estación | H19: Corriente hidrica sobre la que se ubica. | I19: MINERO
A20: 16 | B20: area_hidrografica | C20: Area Hidrografica | D20: String | E20: 60 | F20: No | G20: Area hidrografica sobre la cual está ubicada la estación | H20: Primer nivel de la zonificacion. | I20: Magdalena Cauca
A21: 17 | B21: zona_hidrografica | C21: Zona Hidrografica | D21: String | E21: 60 | F21: No | G21: Zona hidrografica sobre la cual está ubicada la estación | H21: Segundo nivel. | I21: Medio Magdalena
A22: 18 | B22: subzona_hidrografica | C22: Subzona hidrografica | D22: String | E22: 60 | F22: No | G22: Subzona hidrográfica sobre la cual está ubicada la estación | H22: Tercer nivel. Es el que enlaza con el POMCA. | I22: Río Carare (Minero)
A23: 19 | B23: entidad | C23: Entidad | D23: String | E23: 100 | F23: No | G23: Entidad propietaria de ls estación | H23: Propietaria de la estacion; no siempre es el IDEAM. | I23: INSTITUTO DE HIDROLOGÍA METEOROLOGÍA Y ESTUDIOS AMBIENTALES
B24: TOTAL DE CAMPOS | C24: =COUNTA(B5:B23) -> 19 | F24: =COUNTIF(F5:F23,"Si") -> 11 | G24: campos obligatorios
A26: Fuente | B26: IDEAM - Catalogo Nacional de Estaciones. Portal de Datos Abiertos de Colombia, conjunto hp9r-jxuu. Consultado el 2026-09-04. https://www.datos.gov.co/d/hp9r-jxuu

Sheet Red_Hidrometeorologica
A1: Capa Red_Hidrometeorologica (la que existe en la Geodatabase)
A2: GDB_POMCAS_CARARE_INTERSECT.gdb - Punto - EPSG:4686 (MAGNA-SIRGAS) - 1 registro. Esta capa NO tiene diccionario entre los entregados.
A4: # | B4: Campo | C4: Tipo real | D4: Descripcion | E4: Campo IDEAM equivalente | F4: Observacion
A5: 1 | B5: Codigo | C5: Double | D5: Codigo de la estacion. | E5: codigo | F5: PROBLEMA: guardado como numero. El valor 2312701 deberia ser 0023127010: el tipo numerico borro los ceros.
A6: 2 | B6: Nombre | C6: String | D6: Nombre de la estacion. | E6: nombre
A7: 3 | B7: Municipio | C7: String | D7: Municipio donde se ubica. | E7: municipio | F7: PROBLEMA: dice SAN PABLO DE BORBUR; el IDEAM registra Pauna.
A8: 4 | B8: Latitud | C8: Double | D8: Latitud en grados decimales. | E8: latitud | F8: Coincide con el catalogo del IDEAM.
A9: 5 | B9: Longitud | C9: Double | D9: Longitud en grados decimales. | E9: longitud | F9: Coincide con el catalogo del IDEAM.
A10: 6 | B10: Elevacion | C10: String | D10: Altura sobre el nivel del mar. | E10: altitud | F10: PROBLEMA: guardado como texto ('457 msnm'). Impide cualquier calculo.
A11: 7 | B11: Enero | C11: Double | D11: Valor medio del mes de enero. | E11: - | F11: Serie mensual. No forma parte del catalogo de estaciones.
A12: 8 | B12: Febrero | C12: Double | D12: Valor medio del mes de febrero. | E12: -
A13: 9 | B13: Marzo | C13: Double | D13: Valor medio del mes de marzo. | E13: -
A14: 10 | B14: Abril | C14: Double | D14: Valor medio del mes de abril. | E14: -
A15: 11 | B15: Mayo | C15: Double | D15: Valor medio del mes de mayo. | E15: -
A16: 12 | B16: Junio | C16: Double | D16: Valor medio del mes de junio. | E16: -
A17: 13 | B17: Julio | C17: Double | D17: Valor medio del mes de julio. | E17: -
A18: 14 | B18: Agosto | C18: Double | D18: Valor medio del mes de agosto. | E18: -
A19: 15 | B19: Septiembre | C19: Double | D19: Valor medio del mes de septiembre. | E19: -
A20: 16 | B20: Octubre | C20: Double | D20: Valor medio del mes de octubre. | E20: -
A21: 17 | B21: Noviembre | C21: Double | D21: Valor medio del mes de noviembre. | E21: -
A22: 18 | B22: Diciembre | C22: Double | D22: Valor medio del mes de diciembre. | E22: -
A23: 19 | B23: Anual | C23: Double | D23: Valor anual. | E23: - | F23: No es la media de los doce meses: la media da 69,23 y el campo dice 69,72. Falta documentar como se calcula y en que unidad esta.
B24: Campos | C24: =COUNTA(B5:B23) -> 19 | D24: de los cuales, con problema detectado: | E24: =COUNTIF(F5:F23,"PROBLEMA*") -> 3
A26: Lectura | B26: La capa mezcla dos cosas distintas: la ficha de la estacion (6 campos) y una serie mensual de valores (13 campos). En el modelo del IDEAM son dos tablas separadas, relacionadas por el codigo de estacion.

Sheet Cotejo IDEAM
A1: Cotejo: tu unico registro frente al catalogo del IDEAM
A2: Estacion BORBUR. Verificado el 2026-09-04 contra el conjunto hp9r-jxuu de datos.gov.co.
A4: Campo | B4: Lo que dice tu capa | C4: Lo que dice el IDEAM | D4: Diagnostico
A5: Codigo | B5: 2312701 | C5: 0023127010 | D5: El codigo se guardo en un campo numerico y perdio los ceros. Con ese valor la estacion no se encuentra en el catalogo del IDEAM.
A6: Nombre | B6: BORBUR | C6: BORBUR - AUT [23127010] | D6: Coincide en lo esencial.
A7: Municipio | B7: SAN PABLO DE BORBUR | C7: Pauna | D7: No coinciden. Existe otra estacion BORBUR (0023120020) en San Pablo de Borbur, pero esta a 830 msnm y en otras coordenadas.
A8: Latitud | B8: 5,649389 | C8: 5,649388889 | D8: Coincide.
A9: Longitud | B9: -74,055029 | C9: -74,05502778 | D9: Coincide.
A10: Elevacion / altitud | B10: 457 msnm (texto) | C10: 457 (numero) | D10: Mismo valor; el tipo de dato es el que falla.
A11: Categoria | B11: (no esta) | C11: Limnigrafica | D11: Dato ausente. Es el que dice que mide la estacion.
A12: Tecnologia | B12: (no esta) | C12: Automatica con Telemetria, Convencional | D12: Dato ausente.
A13: Estado | B13: (no esta) | C13: En Mantenimiento | D13: Dato ausente y relevante: la estacion no esta plenamente operativa.
A14: Corriente | B14: (no esta) | C14: MINERO | D14: Dato ausente.
A15: Subzona hidrografica | B15: (no esta) | C15: Rio Carare (Minero) | D15: Dato ausente. Es justo el que enlaza la estacion con el POMCA del proyecto.
... A17: Fecha de instalacion | B17: (no esta) | C17: 15/03/1975 | D17: Dato ausente.
A18: Campos cotejados | B18: =COUNTA(A5:A17) -> 13
A19: Ausentes en tu capa | B19: =COUNTIF(B5:B17,"(no esta)*") -> 7
A20: Que coinciden | B20: =COUNTIF(D5:D17,"Coincide*") -> 3
A22: QUE HACER
A23: - | B23: Cambiar el campo Codigo a texto y reponer el valor completo: 0023127010. Con 2312701 la estacion no existe en el catalogo del IDEAM.
A24: - | B24: Corregir el municipio: la estacion 0023127010 esta en Pauna, no en San Pablo de Borbur.
A25: - | B25: Separar la altitud del texto: guardar 457 como numero, no '457 msnm'.
A26: - | B26: Anadir los 7 campos ausentes, sobre todo categoria, estado y subzona hidrografica: sin ellos no se sabe que mide la estacion, si funciona, ni a que cuenca pertenece.
A27: - | B27: Descargar el catalogo completo del IDEAM y quedarse con las estaciones de la subzona 'Rio Carare (Minero)', que es la del POMCA. Una sola estacion no sostiene una caracterizacion climatologica.
A29: Fuente | B29: IDEAM - Catalogo Nacional de Estaciones. Portal de Datos Abiertos de Colombia, conjunto hp9r-jxuu. Consultado el 2026-09-04. https://www.datos.gov.co/d/hp9r-jxuu
